{"cameraMode":{"drawMode":0,"name":"Shaded","section":"Shading Mode"},"sceneLighting":true,"audioPlay":false,"sceneViewState":{"m_AlwaysRefresh":false,"showFog":true,"showSkybox":true,"showFlares":true,"showImageEffects":true,"showParticleSystems":true,"showVisualEffectGraphs":true,"m_FxEnabled":true},"in2DMode":false,"pivot":{"x":845.7479248046875,"y":626.98583984375,"z":15.946867942810059},"rotation":{"x":-0.0168086439371109,"y":-0.0024022196885198356,"z":0.00004006585368188098,"w":-0.9998584985733032},"size":698.5328369140625,"orthographic":false}